OrderID,ItemsList
ORD_0001,"ITEM_013, ITEM_009, ITEM_011, ITEM_002, ITEM_019, ITEM_017"
ORD_0002,"ITEM_015, ITEM_005, ITEM_004, ITEM_017"
ORD_0003,"ITEM_016, ITEM_072, ITEM_019, ITEM_001, ITEM_015"
ORD_0004,"ITEM_012, ITEM_071, ITEM_021"
ORD_0005,"ITEM_020, ITEM_012, ITEM_016, ITEM_072"
ORD_0006,"ITEM_016, ITEM_030, ITEM_042, ITEM_074, ITEM_018, ITEM_019, ITEM_033"
ORD_0007,ITEM_018
ORD_0008,"ITEM_003, ITEM_020, ITEM_016, ITEM_013"
ORD_0009,"ITEM_070, ITEM_099"
ORD_0010,"ITEM_028, ITEM_002, ITEM_010, ITEM_012, ITEM_100, ITEM_019, ITEM_040, ITEM_004"
ORD_0011,"ITEM_009, ITEM_018, ITEM_043, ITEM_004"
ORD_0012,"ITEM_020, ITEM_016, ITEM_003, ITEM_014, ITEM_007, ITEM_005, ITEM_018"
ORD_0013,"ITEM_095, ITEM_003, ITEM_012, ITEM_007, ITEM_005, ITEM_015"
ORD_0014,ITEM_095
ORD_0015,ITEM_010
ORD_0016,"ITEM_009, ITEM_006"
ORD_0017,"ITEM_003, ITEM_008"
ORD_0018,"ITEM_016, ITEM_014, ITEM_019, ITEM_005, ITEM_018, ITEM_027, ITEM_004"
ORD_0019,"ITEM_018, ITEM_014, ITEM_048"
ORD_0020,"ITEM_022, ITEM_089, ITEM_016, ITEM_010, ITEM_003, ITEM_014, ITEM_006, ITEM_005"
ORD_0021,"ITEM_019, ITEM_074, ITEM_005, ITEM_015"
ORD_0022,"ITEM_018, ITEM_019, ITEM_015"
ORD_0023,"ITEM_014, ITEM_020, ITEM_004, ITEM_002"
ORD_0024,"ITEM_098, ITEM_020, ITEM_008, ITEM_010, ITEM_005, ITEM_065, ITEM_019"
ORD_0025,"ITEM_009, ITEM_039, ITEM_011"
ORD_0026,"ITEM_008, ITEM_020, ITEM_016, ITEM_036, ITEM_007, ITEM_019"
ORD_0027,"ITEM_020, ITEM_003, ITEM_079, ITEM_018, ITEM_023, ITEM_001"
ORD_0028,"ITEM_025, ITEM_045, ITEM_058, ITEM_007, ITEM_068, ITEM_052"
ORD_0029,ITEM_013
ORD_0030,"ITEM_009, ITEM_019"
ORD_0031,"ITEM_010, ITEM_019, ITEM_018, ITEM_003"
ORD_0032,"ITEM_020, ITEM_009, ITEM_007, ITEM_069, ITEM_018, ITEM_019, ITEM_017, ITEM_015"
ORD_0033,"ITEM_013, ITEM_020, ITEM_009, ITEM_014, ITEM_006, ITEM_015"
ORD_0034,"ITEM_013, ITEM_020, ITEM_003, ITEM_030, ITEM_011, ITEM_018, ITEM_017, ITEM_015"
ORD_0035,"ITEM_008, ITEM_010, ITEM_003, ITEM_009, ITEM_018, ITEM_004"
ORD_0036,"ITEM_010, ITEM_012, ITEM_018, ITEM_040, ITEM_004, ITEM_015"
ORD_0037,"ITEM_008, ITEM_086, ITEM_020, ITEM_016, ITEM_010, ITEM_011, ITEM_077, ITEM_091"
ORD_0038,ITEM_019
ORD_0039,"ITEM_020, ITEM_009, ITEM_006, ITEM_012, ITEM_058, ITEM_064, ITEM_081, ITEM_001"
ORD_0040,"ITEM_078, ITEM_083, ITEM_011, ITEM_014, ITEM_002, ITEM_001"
ORD_0041,"ITEM_010, ITEM_013, ITEM_100, ITEM_031"
ORD_0042,"ITEM_020, ITEM_003, ITEM_006, ITEM_041, ITEM_015"
ORD_0043,"ITEM_006, ITEM_015"
ORD_0044,"ITEM_009, ITEM_029, ITEM_038, ITEM_011, ITEM_002, ITEM_019, ITEM_071, ITEM_004"
ORD_0045,"ITEM_008, ITEM_092, ITEM_011, ITEM_006, ITEM_018"
ORD_0046,"ITEM_022, ITEM_014"
ORD_0047,"ITEM_044, ITEM_010, ITEM_001, ITEM_048, ITEM_011, ITEM_057, ITEM_004, ITEM_015"
ORD_0048,ITEM_007
ORD_0049,"ITEM_027, ITEM_008"
ORD_0050,"ITEM_018, ITEM_085"
ORD_0051,ITEM_018
ORD_0052,"ITEM_006, ITEM_013, ITEM_001"
ORD_0053,"ITEM_008, ITEM_080, ITEM_015"
ORD_0054,"ITEM_008, ITEM_016, ITEM_056, ITEM_006, ITEM_012, ITEM_061"
ORD_0055,ITEM_006
ORD_0056,"ITEM_010, ITEM_001, ITEM_079"
ORD_0057,"ITEM_003, ITEM_008"
ORD_0058,"ITEM_018, ITEM_012, ITEM_007, ITEM_015"
ORD_0059,"ITEM_016, ITEM_010, ITEM_014, ITEM_012, ITEM_065, ITEM_015"
ORD_0060,"ITEM_063, ITEM_006"
ORD_0061,"ITEM_013, ITEM_020, ITEM_017"
ORD_0062,"ITEM_010, ITEM_003, ITEM_085, ITEM_018, ITEM_004, ITEM_017"
ORD_0063,"ITEM_020, ITEM_016, ITEM_035, ITEM_064, ITEM_002, ITEM_019, ITEM_001, ITEM_015"
ORD_0064,"ITEM_013, ITEM_016, ITEM_003, ITEM_011, ITEM_085, ITEM_014, ITEM_007, ITEM_005"
ORD_0065,"ITEM_008, ITEM_099, ITEM_010, ITEM_006, ITEM_070, ITEM_007, ITEM_005"
ORD_0066,ITEM_009
ORD_0067,"ITEM_006, ITEM_020"
ORD_0068,"ITEM_008, ITEM_013, ITEM_030, ITEM_014, ITEM_061"
ORD_0069,"ITEM_007, ITEM_089, ITEM_002"
ORD_0070,"ITEM_016, ITEM_010, ITEM_015, ITEM_006, ITEM_035, ITEM_005, ITEM_017"
ORD_0071,"ITEM_020, ITEM_015"
ORD_0072,"ITEM_047, ITEM_083, ITEM_003, ITEM_075, ITEM_014, ITEM_007, ITEM_005, ITEM_057"
ORD_0073,"ITEM_013, ITEM_003, ITEM_051, ITEM_012, ITEM_005, ITEM_018, ITEM_004"
ORD_0074,ITEM_017
ORD_0075,"ITEM_015, ITEM_082"
ORD_0076,"ITEM_009, ITEM_003, ITEM_087, ITEM_011, ITEM_002, ITEM_019, ITEM_023"
ORD_0077,"ITEM_011, ITEM_045, ITEM_006, ITEM_064, ITEM_007, ITEM_077, ITEM_002, ITEM_019"
ORD_0078,"ITEM_008, ITEM_010, ITEM_014, ITEM_036, ITEM_005"
ORD_0079,"ITEM_009, ITEM_012, ITEM_007, ITEM_005, ITEM_002, ITEM_063, ITEM_017, ITEM_015"
ORD_0080,ITEM_012
ORD_0081,"ITEM_016, ITEM_015"
ORD_0082,"ITEM_008, ITEM_002"
ORD_0083,"ITEM_020, ITEM_003, ITEM_011, ITEM_007, ITEM_005, ITEM_004"
ORD_0084,"ITEM_020, ITEM_004"
ORD_0085,"ITEM_043, ITEM_009, ITEM_006, ITEM_018, ITEM_027, ITEM_017"
ORD_0086,"ITEM_009, ITEM_011"
ORD_0087,"ITEM_008, ITEM_016, ITEM_075, ITEM_004, ITEM_015"
ORD_0088,"ITEM_019, ITEM_016, ITEM_015"
ORD_0089,"ITEM_010, ITEM_003, ITEM_014, ITEM_007, ITEM_079, ITEM_062"
ORD_0090,"ITEM_019, ITEM_020, ITEM_004"
ORD_0091,"ITEM_012, ITEM_004"
ORD_0092,"ITEM_018, ITEM_047, ITEM_007, ITEM_001"
ORD_0093,"ITEM_019, ITEM_081, ITEM_007, ITEM_001"
ORD_0094,"ITEM_020, ITEM_016, ITEM_045, ITEM_012, ITEM_007, ITEM_005, ITEM_017, ITEM_015"
ORD_0095,"ITEM_020, ITEM_009, ITEM_014, ITEM_019, ITEM_040, ITEM_001"
ORD_0096,"ITEM_020, ITEM_013, ITEM_015, ITEM_006, ITEM_007, ITEM_004, ITEM_017"
ORD_0097,"ITEM_095, ITEM_029, ITEM_072, ITEM_014, ITEM_012, ITEM_007, ITEM_018, ITEM_019"
ORD_0098,"ITEM_013, ITEM_003, ITEM_006, ITEM_049, ITEM_015"
ORD_0099,"ITEM_014, ITEM_005, ITEM_016, ITEM_017"
ORD_0100,"ITEM_013, ITEM_010, ITEM_006, ITEM_014, ITEM_015"
ORD_0101,"ITEM_098, ITEM_094, ITEM_007, ITEM_019, ITEM_004, ITEM_017, ITEM_026"
ORD_0102,ITEM_037
ORD_0103,"ITEM_003, ITEM_012, ITEM_088, ITEM_005, ITEM_002, ITEM_004"
ORD_0104,"ITEM_043, ITEM_002"
ORD_0105,"ITEM_020, ITEM_009, ITEM_012, ITEM_007, ITEM_005, ITEM_071"
ORD_0106,"ITEM_020, ITEM_010, ITEM_014, ITEM_012, ITEM_067, ITEM_023"
ORD_0107,"ITEM_013, ITEM_056, ITEM_011, ITEM_012, ITEM_007, ITEM_002, ITEM_015"
ORD_0108,"ITEM_006, ITEM_007, ITEM_005, ITEM_011"
ORD_0109,"ITEM_010, ITEM_012, ITEM_094"
ORD_0110,"ITEM_005, ITEM_002"
ORD_0111,"ITEM_020, ITEM_008, ITEM_044, ITEM_011, ITEM_058, ITEM_005, ITEM_002, ITEM_015"
ORD_0112,"ITEM_013, ITEM_020, ITEM_006, ITEM_014, ITEM_007, ITEM_004"
ORD_0113,"ITEM_019, ITEM_013, ITEM_003"
ORD_0114,"ITEM_006, ITEM_002"
ORD_0115,"ITEM_004, ITEM_016"
ORD_0116,"ITEM_095, ITEM_009, ITEM_005, ITEM_018, ITEM_015"
ORD_0117,"ITEM_086, ITEM_020, ITEM_009, ITEM_014, ITEM_007"
ORD_0118,"ITEM_013, ITEM_094, ITEM_007"
ORD_0119,"ITEM_020, ITEM_076, ITEM_012, ITEM_002, ITEM_033"
ORD_0120,ITEM_008
ORD_0121,"ITEM_013, ITEM_020, ITEM_009, ITEM_014, ITEM_001, ITEM_015"
ORD_0122,"ITEM_078, ITEM_076, ITEM_020, ITEM_016, ITEM_036, ITEM_007, ITEM_017"
ORD_0123,"ITEM_010, ITEM_014, ITEM_015, ITEM_069"
ORD_0124,ITEM_006
ORD_0125,"ITEM_016, ITEM_003, ITEM_014, ITEM_012, ITEM_077, ITEM_017, ITEM_004, ITEM_015"
ORD_0126,"ITEM_020, ITEM_008, ITEM_072, ITEM_004, ITEM_007, ITEM_001"
ORD_0127,"ITEM_008, ITEM_020, ITEM_041, ITEM_010, ITEM_072, ITEM_011, ITEM_014, ITEM_004"
ORD_0128,"ITEM_020, ITEM_006, ITEM_005, ITEM_018, ITEM_015"
ORD_0129,"ITEM_028, ITEM_030, ITEM_018, ITEM_023, ITEM_001"
ORD_0130,ITEM_003
ORD_0131,"ITEM_086, ITEM_011, ITEM_004, ITEM_012, ITEM_007, ITEM_001"
ORD_0132,"ITEM_006, ITEM_005, ITEM_002, ITEM_018, ITEM_004"
ORD_0133,"ITEM_009, ITEM_006, ITEM_035"
ORD_0134,"ITEM_007, ITEM_005, ITEM_001"
ORD_0135,"ITEM_013, ITEM_039, ITEM_011, ITEM_085, ITEM_006, ITEM_012, ITEM_019"
ORD_0136,"ITEM_020, ITEM_009, ITEM_012, ITEM_061, ITEM_018"
ORD_0137,"ITEM_020, ITEM_044, ITEM_005, ITEM_017, ITEM_041, ITEM_015"
ORD_0138,"ITEM_020, ITEM_003, ITEM_006, ITEM_005, ITEM_018"
ORD_0139,ITEM_015
ORD_0140,"ITEM_003, ITEM_001, ITEM_006, ITEM_014, ITEM_005, ITEM_097, ITEM_004"
ORD_0141,"ITEM_008, ITEM_066, ITEM_003, ITEM_006, ITEM_018"
ORD_0142,ITEM_012
ORD_0143,"ITEM_031, ITEM_098, ITEM_010, ITEM_011, ITEM_014"
ORD_0144,"ITEM_001, ITEM_011"
ORD_0145,"ITEM_016, ITEM_044"
ORD_0146,"ITEM_020, ITEM_013, ITEM_010, ITEM_075, ITEM_014, ITEM_002, ITEM_001, ITEM_017"
ORD_0147,"ITEM_008, ITEM_039, ITEM_020, ITEM_011, ITEM_005, ITEM_019, ITEM_001"
ORD_0148,"ITEM_019, ITEM_088"
ORD_0149,"ITEM_022, ITEM_028, ITEM_010, ITEM_024, ITEM_004, ITEM_012, ITEM_019, ITEM_001"
ORD_0150,"ITEM_009, ITEM_014, ITEM_046, ITEM_011"
ORD_0151,"ITEM_016, ITEM_024, ITEM_011, ITEM_006, ITEM_018, ITEM_019, ITEM_001"
ORD_0152,"ITEM_016, ITEM_014, ITEM_006, ITEM_005, ITEM_019, ITEM_001"
ORD_0153,"ITEM_078, ITEM_014, ITEM_002, ITEM_018, ITEM_034, ITEM_015, ITEM_037"
ORD_0154,"ITEM_020, ITEM_017, ITEM_001, ITEM_015"
ORD_0155,"ITEM_013, ITEM_008, ITEM_085, ITEM_035, ITEM_007, ITEM_001, ITEM_017"
ORD_0156,"ITEM_020, ITEM_009, ITEM_014, ITEM_002, ITEM_018, ITEM_019, ITEM_004"
ORD_0157,ITEM_004
ORD_0158,"ITEM_008, ITEM_090, ITEM_087, ITEM_009, ITEM_045, ITEM_019, ITEM_004"
ORD_0159,"ITEM_052, ITEM_024, ITEM_011, ITEM_012, ITEM_074, ITEM_100, ITEM_004"
ORD_0160,ITEM_007
ORD_0161,ITEM_073
ORD_0162,"ITEM_016, ITEM_010, ITEM_011, ITEM_006, ITEM_070, ITEM_034, ITEM_015, ITEM_026"
ORD_0163,"ITEM_020, ITEM_016, ITEM_011, ITEM_006, ITEM_012, ITEM_007, ITEM_017"
ORD_0164,"ITEM_016, ITEM_003, ITEM_014, ITEM_036, ITEM_005, ITEM_015"
ORD_0165,"ITEM_099, ITEM_006, ITEM_074, ITEM_012, ITEM_041"
ORD_0166,"ITEM_009, ITEM_005, ITEM_100, ITEM_071, ITEM_017"
ORD_0167,"ITEM_005, ITEM_001"
ORD_0168,"ITEM_013, ITEM_009, ITEM_005, ITEM_027, ITEM_038"
ORD_0169,"ITEM_022, ITEM_020, ITEM_008, ITEM_006, ITEM_005, ITEM_019, ITEM_001"
ORD_0170,"ITEM_013, ITEM_020, ITEM_009, ITEM_010, ITEM_024, ITEM_011, ITEM_085, ITEM_015"
ORD_0171,"ITEM_020, ITEM_008, ITEM_082, ITEM_011, ITEM_018, ITEM_019, ITEM_038, ITEM_004"
ORD_0172,ITEM_007
ORD_0173,"ITEM_031, ITEM_016, ITEM_003, ITEM_014, ITEM_005, ITEM_001"
ORD_0174,"ITEM_013, ITEM_003, ITEM_014, ITEM_002, ITEM_018, ITEM_096, ITEM_001"
ORD_0175,"ITEM_020, ITEM_008, ITEM_039, ITEM_016, ITEM_086, ITEM_050, ITEM_012, ITEM_005"
ORD_0176,"ITEM_008, ITEM_003, ITEM_012, ITEM_002, ITEM_001"
ORD_0177,"ITEM_008, ITEM_016, ITEM_003, ITEM_006, ITEM_005, ITEM_018, ITEM_001"
ORD_0178,"ITEM_013, ITEM_008, ITEM_010, ITEM_046, ITEM_014, ITEM_012, ITEM_018, ITEM_015"
ORD_0179,"ITEM_020, ITEM_080, ITEM_056, ITEM_094, ITEM_005, ITEM_097"
ORD_0180,"ITEM_008, ITEM_014, ITEM_012, ITEM_002, ITEM_018, ITEM_017"
ORD_0181,"ITEM_008, ITEM_016, ITEM_009, ITEM_010, ITEM_011, ITEM_006, ITEM_018"
ORD_0182,"ITEM_047, ITEM_020"
ORD_0183,"ITEM_006, ITEM_005"
ORD_0184,"ITEM_013, ITEM_005, ITEM_083"
ORD_0185,"ITEM_068, ITEM_066, ITEM_016, ITEM_080, ITEM_012, ITEM_002, ITEM_019, ITEM_015"
ORD_0186,"ITEM_009, ITEM_019, ITEM_013"
ORD_0187,ITEM_006
ORD_0188,"ITEM_006, ITEM_020, ITEM_012, ITEM_008"
ORD_0189,"ITEM_073, ITEM_007"
ORD_0190,"ITEM_020, ITEM_009, ITEM_011, ITEM_051, ITEM_007, ITEM_012, ITEM_004"
ORD_0191,"ITEM_013, ITEM_060, ITEM_016, ITEM_014, ITEM_005, ITEM_055, ITEM_002"
ORD_0192,"ITEM_087, ITEM_010, ITEM_004, ITEM_006, ITEM_001"
ORD_0193,"ITEM_010, ITEM_003, ITEM_014, ITEM_007, ITEM_040, ITEM_004"
ORD_0194,"ITEM_009, ITEM_003, ITEM_089, ITEM_005"
ORD_0195,"ITEM_019, ITEM_007"
ORD_0196,"ITEM_009, ITEM_088, ITEM_033"
ORD_0197,"ITEM_078, ITEM_013, ITEM_066, ITEM_009, ITEM_030, ITEM_011, ITEM_012, ITEM_001"
ORD_0198,"ITEM_022, ITEM_020, ITEM_004, ITEM_012, ITEM_002, ITEM_091, ITEM_001"
ORD_0199,"ITEM_095, ITEM_019, ITEM_005, ITEM_003"
ORD_0200,"ITEM_098, ITEM_031, ITEM_008, ITEM_048, ITEM_004"
ORD_0201,"ITEM_008, ITEM_013, ITEM_010, ITEM_087, ITEM_011, ITEM_055, ITEM_018, ITEM_004"
ORD_0202,"ITEM_018, ITEM_007, ITEM_001, ITEM_062"
ORD_0203,"ITEM_008, ITEM_009, ITEM_002, ITEM_069, ITEM_001, ITEM_015"
ORD_0204,"ITEM_009, ITEM_047, ITEM_002"
ORD_0205,"ITEM_013, ITEM_056, ITEM_081, ITEM_007, ITEM_002, ITEM_018"
ORD_0206,"ITEM_063, ITEM_009"
ORD_0207,"ITEM_013, ITEM_016, ITEM_005, ITEM_019, ITEM_001"
ORD_0208,"ITEM_008, ITEM_066, ITEM_009, ITEM_007, ITEM_005, ITEM_002, ITEM_018"
ORD_0209,"ITEM_065, ITEM_011"
ORD_0210,"ITEM_004, ITEM_019, ITEM_016, ITEM_055"
ORD_0211,ITEM_017
ORD_0212,"ITEM_065, ITEM_018, ITEM_006, ITEM_007"
ORD_0213,"ITEM_006, ITEM_013"
ORD_0214,"ITEM_047, ITEM_012, ITEM_007, ITEM_079, ITEM_001, ITEM_015"
ORD_0215,"ITEM_014, ITEM_008, ITEM_019, ITEM_013"
ORD_0216,"ITEM_020, ITEM_060, ITEM_013, ITEM_006, ITEM_062, ITEM_001, ITEM_017"
ORD_0217,"ITEM_001, ITEM_004, ITEM_011"
ORD_0218,"ITEM_066, ITEM_009, ITEM_024, ITEM_048, ITEM_007, ITEM_005"
ORD_0219,"ITEM_018, ITEM_002"
ORD_0220,"ITEM_008, ITEM_074, ITEM_007, ITEM_002, ITEM_017, ITEM_004, ITEM_015"
ORD_0221,"ITEM_006, ITEM_020, ITEM_019, ITEM_002"
ORD_0222,"ITEM_078, ITEM_006, ITEM_005, ITEM_049, ITEM_004"
ORD_0223,"ITEM_008, ITEM_009, ITEM_012, ITEM_019, ITEM_001"
ORD_0224,"ITEM_042, ITEM_001"
ORD_0225,"ITEM_098, ITEM_020, ITEM_072, ITEM_074, ITEM_012, ITEM_077, ITEM_002"
ORD_0226,"ITEM_019, ITEM_020, ITEM_008, ITEM_011"
ORD_0227,"ITEM_010, ITEM_003, ITEM_013, ITEM_016"
ORD_0228,"ITEM_019, ITEM_020, ITEM_005, ITEM_017"
ORD_0229,"ITEM_010, ITEM_096, ITEM_005, ITEM_015"
ORD_0230,"ITEM_009, ITEM_003, ITEM_012, ITEM_044"
ORD_0231,"ITEM_013, ITEM_003, ITEM_080, ITEM_011, ITEM_006, ITEM_007, ITEM_005, ITEM_015"
ORD_0232,"ITEM_009, ITEM_010, ITEM_012, ITEM_007, ITEM_069"
ORD_0233,"ITEM_099, ITEM_016, ITEM_044, ITEM_094, ITEM_005, ITEM_040, ITEM_062"
ORD_0234,"ITEM_013, ITEM_003, ITEM_007, ITEM_018, ITEM_004"
ORD_0235,"ITEM_089, ITEM_003, ITEM_014, ITEM_005, ITEM_004"
ORD_0236,"ITEM_076, ITEM_016, ITEM_010, ITEM_007, ITEM_069, ITEM_015"
ORD_0237,"ITEM_073, ITEM_006, ITEM_092, ITEM_002"
ORD_0238,"ITEM_019, ITEM_005, ITEM_016"
ORD_0239,"ITEM_015, ITEM_011"
ORD_0240,"ITEM_018, ITEM_019, ITEM_052"
ORD_0241,"ITEM_014, ITEM_006, ITEM_007, ITEM_005, ITEM_019, ITEM_001"
ORD_0242,"ITEM_008, ITEM_036, ITEM_015"
ORD_0243,"ITEM_060, ITEM_008, ITEM_010, ITEM_092, ITEM_012, ITEM_093, ITEM_034, ITEM_017"
ORD_0244,"ITEM_020, ITEM_005"
ORD_0245,"ITEM_065, ITEM_014, ITEM_035, ITEM_017"
ORD_0246,"ITEM_020, ITEM_009, ITEM_011, ITEM_048, ITEM_014, ITEM_019, ITEM_017"
ORD_0247,"ITEM_010, ITEM_008"
ORD_0248,"ITEM_008, ITEM_003, ITEM_061, ITEM_002, ITEM_018, ITEM_017"
ORD_0249,ITEM_070
ORD_0250,"ITEM_008, ITEM_009, ITEM_003, ITEM_011, ITEM_036, ITEM_018, ITEM_015"
ORD_0251,"ITEM_010, ITEM_020, ITEM_013, ITEM_100"
ORD_0252,"ITEM_002, ITEM_007, ITEM_011"
ORD_0253,"ITEM_010, ITEM_011, ITEM_085, ITEM_014, ITEM_006, ITEM_005, ITEM_018"
ORD_0254,"ITEM_008, ITEM_010, ITEM_003, ITEM_011, ITEM_006, ITEM_094"
ORD_0255,"ITEM_020, ITEM_009, ITEM_003, ITEM_024, ITEM_014, ITEM_007"
ORD_0256,ITEM_062
ORD_0257,"ITEM_024, ITEM_015"
ORD_0258,"ITEM_013, ITEM_008, ITEM_010, ITEM_014, ITEM_002, ITEM_018, ITEM_033, ITEM_015"
ORD_0259,"ITEM_010, ITEM_006, ITEM_018, ITEM_011"
ORD_0260,"ITEM_084, ITEM_010, ITEM_007, ITEM_054, ITEM_018, ITEM_017, ITEM_004, ITEM_015"
ORD_0261,"ITEM_098, ITEM_020, ITEM_002, ITEM_018, ITEM_019, ITEM_001"
ORD_0262,"ITEM_013, ITEM_005, ITEM_004"
ORD_0263,"ITEM_078, ITEM_095, ITEM_016, ITEM_036, ITEM_004"
ORD_0264,"ITEM_009, ITEM_020, ITEM_012, ITEM_017"
ORD_0265,"ITEM_073, ITEM_012, ITEM_019, ITEM_062, ITEM_026"
ORD_0266,"ITEM_025, ITEM_008, ITEM_010, ITEM_003, ITEM_011, ITEM_002, ITEM_018, ITEM_015"
ORD_0267,ITEM_005
ORD_0268,"ITEM_009, ITEM_081"
ORD_0269,"ITEM_014, ITEM_013"
ORD_0270,"ITEM_046, ITEM_014, ITEM_007, ITEM_004, ITEM_015"
ORD_0271,"ITEM_012, ITEM_024"
ORD_0272,"ITEM_018, ITEM_013, ITEM_010, ITEM_004"
ORD_0273,"ITEM_003, ITEM_006, ITEM_014, ITEM_012, ITEM_079"
ORD_0274,"ITEM_078, ITEM_008, ITEM_012"
ORD_0275,"ITEM_096, ITEM_081, ITEM_067, ITEM_004"
ORD_0276,"ITEM_020, ITEM_016, ITEM_009, ITEM_010, ITEM_042, ITEM_006, ITEM_005, ITEM_026"
ORD_0277,"ITEM_073, ITEM_003, ITEM_006, ITEM_042, ITEM_012, ITEM_059, ITEM_015"
ORD_0278,"ITEM_013, ITEM_084, ITEM_056, ITEM_012, ITEM_004"
ORD_0279,"ITEM_031, ITEM_013, ITEM_009, ITEM_014, ITEM_007, ITEM_019"
ORD_0280,"ITEM_086, ITEM_008, ITEM_010, ITEM_080, ITEM_012, ITEM_019, ITEM_015"
ORD_0281,"ITEM_084, ITEM_017, ITEM_008, ITEM_050"
ORD_0282,ITEM_007
ORD_0283,"ITEM_010, ITEM_003, ITEM_072, ITEM_011, ITEM_006, ITEM_012, ITEM_002"
ORD_0284,"ITEM_009, ITEM_006, ITEM_011"
ORD_0285,ITEM_001
ORD_0286,"ITEM_013, ITEM_016, ITEM_082, ITEM_012, ITEM_002, ITEM_019, ITEM_001"
ORD_0287,"ITEM_013, ITEM_051, ITEM_011, ITEM_020"
ORD_0288,"ITEM_073, ITEM_014, ITEM_013, ITEM_012"
ORD_0289,"ITEM_008, ITEM_015, ITEM_011, ITEM_006, ITEM_064, ITEM_005, ITEM_019, ITEM_017"
ORD_0290,"ITEM_008, ITEM_009, ITEM_021, ITEM_006, ITEM_014, ITEM_062"
ORD_0291,"ITEM_010, ITEM_020, ITEM_072, ITEM_011"
ORD_0292,ITEM_001
ORD_0293,"ITEM_020, ITEM_015, ITEM_055, ITEM_018, ITEM_017"
ORD_0294,"ITEM_013, ITEM_003, ITEM_006, ITEM_007, ITEM_096, ITEM_017"
ORD_0295,"ITEM_013, ITEM_008, ITEM_080, ITEM_014, ITEM_012, ITEM_007, ITEM_001"
ORD_0296,"ITEM_007, ITEM_044"
ORD_0297,"ITEM_008, ITEM_090, ITEM_003, ITEM_037, ITEM_019, ITEM_063, ITEM_059, ITEM_017"
ORD_0298,"ITEM_048, ITEM_007, ITEM_058, ITEM_002, ITEM_018, ITEM_019, ITEM_017"
ORD_0299,"ITEM_089, ITEM_011, ITEM_002, ITEM_018, ITEM_019"
ORD_0300,"ITEM_013, ITEM_009, ITEM_080, ITEM_004, ITEM_014, ITEM_001"
ORD_0301,"ITEM_009, ITEM_003, ITEM_006, ITEM_014, ITEM_035, ITEM_002, ITEM_018, ITEM_004"
ORD_0302,"ITEM_008, ITEM_016, ITEM_012, ITEM_005, ITEM_057, ITEM_015"
ORD_0303,ITEM_008
ORD_0304,"ITEM_013, ITEM_008, ITEM_016, ITEM_083, ITEM_003, ITEM_011, ITEM_012, ITEM_019"
ORD_0305,ITEM_073
ORD_0306,"ITEM_014, ITEM_007, ITEM_018, ITEM_019, ITEM_017"
ORD_0307,"ITEM_013, ITEM_009, ITEM_010, ITEM_012, ITEM_005, ITEM_018, ITEM_052"
ORD_0308,"ITEM_099, ITEM_005"
ORD_0309,"ITEM_047, ITEM_060, ITEM_009, ITEM_005, ITEM_071"
ORD_0310,"ITEM_078, ITEM_038"
ORD_0311,"ITEM_010, ITEM_029, ITEM_005, ITEM_002, ITEM_019"
ORD_0312,ITEM_006
ORD_0313,"ITEM_098, ITEM_008, ITEM_020, ITEM_011, ITEM_012, ITEM_007, ITEM_100, ITEM_018"
ORD_0314,"ITEM_031, ITEM_008, ITEM_010, ITEM_050, ITEM_011, ITEM_014, ITEM_038"
ORD_0315,"ITEM_013, ITEM_006, ITEM_014, ITEM_012, ITEM_007, ITEM_036, ITEM_015"
ORD_0316,"ITEM_018, ITEM_003, ITEM_019, ITEM_007"
ORD_0317,ITEM_011
ORD_0318,"ITEM_078, ITEM_030, ITEM_050, ITEM_004, ITEM_019, ITEM_001"
ORD_0319,"ITEM_008, ITEM_009, ITEM_003, ITEM_007, ITEM_005, ITEM_027, ITEM_023, ITEM_017"
ORD_0320,ITEM_006
ORD_0321,"ITEM_020, ITEM_090, ITEM_003, ITEM_056, ITEM_007, ITEM_002, ITEM_019, ITEM_004"
ORD_0322,"ITEM_020, ITEM_015, ITEM_011, ITEM_064, ITEM_019, ITEM_097, ITEM_017"
ORD_0323,"ITEM_018, ITEM_019, ITEM_010, ITEM_066"
ORD_0324,"ITEM_014, ITEM_019, ITEM_004, ITEM_002"
ORD_0325,"ITEM_006, ITEM_099"
ORD_0326,"ITEM_013, ITEM_020, ITEM_010, ITEM_006, ITEM_014, ITEM_018"
ORD_0327,"ITEM_020, ITEM_016, ITEM_042, ITEM_006, ITEM_094, ITEM_007, ITEM_036"
ORD_0328,"ITEM_086, ITEM_016, ITEM_044, ITEM_006, ITEM_001, ITEM_017"
ORD_0329,ITEM_020
ORD_0330,"ITEM_039, ITEM_009, ITEM_014, ITEM_005, ITEM_097, ITEM_034, ITEM_004"
ORD_0331,"ITEM_008, ITEM_010, ITEM_003, ITEM_004, ITEM_002, ITEM_065, ITEM_027, ITEM_052"
ORD_0332,"ITEM_016, ITEM_073, ITEM_010, ITEM_019, ITEM_068, ITEM_049, ITEM_004, ITEM_015"
ORD_0333,"ITEM_010, ITEM_020, ITEM_007"
ORD_0334,"ITEM_003, ITEM_020, ITEM_015, ITEM_002"
ORD_0335,"ITEM_010, ITEM_015, ITEM_012, ITEM_007, ITEM_002, ITEM_026"
ORD_0336,"ITEM_002, ITEM_009, ITEM_094, ITEM_036, ITEM_005, ITEM_057, ITEM_032"
ORD_0337,"ITEM_008, ITEM_009, ITEM_010, ITEM_003, ITEM_006, ITEM_002, ITEM_018, ITEM_019"
ORD_0338,"ITEM_009, ITEM_052, ITEM_011"
ORD_0339,"ITEM_031, ITEM_020, ITEM_005, ITEM_018, ITEM_004, ITEM_017"
ORD_0340,ITEM_016
ORD_0341,"ITEM_013, ITEM_009, ITEM_012, ITEM_091, ITEM_004"
ORD_0342,"ITEM_020, ITEM_016, ITEM_010, ITEM_003, ITEM_021, ITEM_006, ITEM_005, ITEM_004"
ORD_0343,"ITEM_057, ITEM_020, ITEM_090, ITEM_056, ITEM_007, ITEM_079, ITEM_018, ITEM_037"
ORD_0344,"ITEM_009, ITEM_019, ITEM_007"
ORD_0345,"ITEM_010, ITEM_005, ITEM_001"
ORD_0346,"ITEM_020, ITEM_041, ITEM_010, ITEM_009, ITEM_001"
ORD_0347,"ITEM_001, ITEM_024, ITEM_011, ITEM_014, ITEM_006, ITEM_002, ITEM_004, ITEM_017"
ORD_0348,"ITEM_006, ITEM_004, ITEM_015"
ORD_0349,"ITEM_004, ITEM_015"
ORD_0350,"ITEM_020, ITEM_007, ITEM_005"
ORD_0351,"ITEM_013, ITEM_016, ITEM_010, ITEM_012, ITEM_007"
ORD_0352,"ITEM_009, ITEM_014, ITEM_018, ITEM_059, ITEM_015"
ORD_0353,ITEM_017
ORD_0354,ITEM_020
ORD_0355,"ITEM_007, ITEM_001, ITEM_069"
ORD_0356,"ITEM_087, ITEM_010, ITEM_009, ITEM_088, ITEM_069"
ORD_0357,"ITEM_010, ITEM_067"
ORD_0358,"ITEM_014, ITEM_064, ITEM_036, ITEM_005, ITEM_004"
ORD_0359,ITEM_009
ORD_0360,"ITEM_009, ITEM_005, ITEM_016"
ORD_0361,ITEM_030
ORD_0362,"ITEM_008, ITEM_088, ITEM_002, ITEM_019, ITEM_015"
ORD_0363,"ITEM_020, ITEM_008, ITEM_012, ITEM_034, ITEM_001"
ORD_0364,ITEM_014
ORD_0365,"ITEM_008, ITEM_013, ITEM_009, ITEM_012, ITEM_094, ITEM_002, ITEM_019"
ORD_0366,"ITEM_020, ITEM_008, ITEM_009, ITEM_087, ITEM_051, ITEM_012, ITEM_063, ITEM_019"
ORD_0367,"ITEM_013, ITEM_039, ITEM_021, ITEM_012, ITEM_005, ITEM_019"
ORD_0368,"ITEM_016, ITEM_041, ITEM_009, ITEM_072, ITEM_014, ITEM_068, ITEM_019, ITEM_001"
ORD_0369,"ITEM_003, ITEM_012"
ORD_0370,"ITEM_016, ITEM_082, ITEM_012, ITEM_002, ITEM_065"
ORD_0371,"ITEM_003, ITEM_014, ITEM_012, ITEM_036, ITEM_002, ITEM_038"
ORD_0372,"ITEM_013, ITEM_003, ITEM_050, ITEM_011, ITEM_006, ITEM_005, ITEM_002"
ORD_0373,ITEM_020
ORD_0374,"ITEM_016, ITEM_009, ITEM_030, ITEM_011, ITEM_007, ITEM_005, ITEM_019, ITEM_017"
ORD_0375,"ITEM_043, ITEM_004, ITEM_006, ITEM_012, ITEM_019, ITEM_001"
ORD_0376,ITEM_012
ORD_0377,"ITEM_010, ITEM_014, ITEM_008, ITEM_059"
ORD_0378,ITEM_002
ORD_0379,"ITEM_009, ITEM_015, ITEM_011, ITEM_014, ITEM_058, ITEM_018, ITEM_004, ITEM_017"
ORD_0380,"ITEM_013, ITEM_015, ITEM_011, ITEM_019, ITEM_018, ITEM_049, ITEM_017"
ORD_0381,"ITEM_049, ITEM_020, ITEM_008, ITEM_015"
ORD_0382,"ITEM_020, ITEM_039, ITEM_089, ITEM_016, ITEM_046, ITEM_007, ITEM_015"
ORD_0383,"ITEM_003, ITEM_020, ITEM_001, ITEM_015"
ORD_0384,"ITEM_014, ITEM_003"
ORD_0385,ITEM_020
ORD_0386,ITEM_001
ORD_0387,"ITEM_078, ITEM_009"
ORD_0388,"ITEM_020, ITEM_011, ITEM_014, ITEM_002, ITEM_097, ITEM_038, ITEM_004"
ORD_0389,ITEM_088
ORD_0390,"ITEM_007, ITEM_011"
ORD_0391,"ITEM_003, ITEM_004, ITEM_088, ITEM_001, ITEM_017"
ORD_0392,"ITEM_028, ITEM_020, ITEM_007, ITEM_067"
ORD_0393,"ITEM_020, ITEM_093"
ORD_0394,"ITEM_009, ITEM_010, ITEM_067, ITEM_011"
ORD_0395,"ITEM_013, ITEM_020, ITEM_016, ITEM_024, ITEM_004, ITEM_007, ITEM_001"
ORD_0396,"ITEM_018, ITEM_005, ITEM_011"
ORD_0397,"ITEM_085, ITEM_008, ITEM_001, ITEM_002"
ORD_0398,ITEM_019
ORD_0399,"ITEM_008, ITEM_016, ITEM_015, ITEM_050, ITEM_014, ITEM_018, ITEM_017"
ORD_0400,"ITEM_013, ITEM_015, ITEM_011, ITEM_014, ITEM_005, ITEM_100, ITEM_017"
ORD_0401,"ITEM_009, ITEM_053, ITEM_012, ITEM_002, ITEM_019, ITEM_001, ITEM_017"
ORD_0402,ITEM_045
ORD_0403,"ITEM_013, ITEM_010, ITEM_053, ITEM_012, ITEM_019"
ORD_0404,"ITEM_008, ITEM_013, ITEM_016, ITEM_046, ITEM_005"
ORD_0405,"ITEM_013, ITEM_065, ITEM_012, ITEM_005, ITEM_018, ITEM_093, ITEM_017"
ORD_0406,"ITEM_008, ITEM_007, ITEM_005, ITEM_013"
ORD_0407,"ITEM_095, ITEM_013, ITEM_066, ITEM_009, ITEM_011, ITEM_041"
ORD_0408,"ITEM_005, ITEM_004"
ORD_0409,"ITEM_018, ITEM_015, ITEM_017, ITEM_045"
ORD_0410,"ITEM_075, ITEM_001"
ORD_0411,"ITEM_013, ITEM_064, ITEM_007, ITEM_005, ITEM_034, ITEM_001"
ORD_0412,ITEM_004
ORD_0413,"ITEM_014, ITEM_013"
ORD_0414,ITEM_029
ORD_0415,"ITEM_009, ITEM_005, ITEM_015"
ORD_0416,"ITEM_016, ITEM_090, ITEM_012, ITEM_007, ITEM_017"
ORD_0417,"ITEM_098, ITEM_006, ITEM_001"
ORD_0418,"ITEM_049, ITEM_012, ITEM_007, ITEM_017"
ORD_0419,"ITEM_085, ITEM_006, ITEM_004, ITEM_014"
ORD_0420,"ITEM_008, ITEM_052, ITEM_009, ITEM_018, ITEM_019, ITEM_004"
ORD_0421,"ITEM_020, ITEM_060, ITEM_010, ITEM_009, ITEM_007, ITEM_019, ITEM_096, ITEM_015"
ORD_0422,"ITEM_020, ITEM_016, ITEM_030, ITEM_011, ITEM_007, ITEM_002, ITEM_027, ITEM_017"
ORD_0423,"ITEM_029, ITEM_001"
ORD_0424,"ITEM_006, ITEM_020, ITEM_015"
ORD_0425,ITEM_005
ORD_0426,"ITEM_007, ITEM_003, ITEM_020, ITEM_062"
ORD_0427,"ITEM_019, ITEM_074, ITEM_001, ITEM_003"
ORD_0428,"ITEM_097, ITEM_012, ITEM_089"
ORD_0429,"ITEM_047, ITEM_012, ITEM_018, ITEM_091, ITEM_017"
ORD_0430,"ITEM_020, ITEM_008, ITEM_099, ITEM_012, ITEM_002, ITEM_023, ITEM_004"
ORD_0431,"ITEM_031, ITEM_016, ITEM_003, ITEM_082, ITEM_005, ITEM_037, ITEM_001, ITEM_015"
ORD_0432,ITEM_010
ORD_0433,"ITEM_020, ITEM_003, ITEM_088, ITEM_005, ITEM_052"
ORD_0434,"ITEM_035, ITEM_016"
ORD_0435,"ITEM_003, ITEM_012, ITEM_011"
ORD_0436,"ITEM_013, ITEM_020, ITEM_016, ITEM_082, ITEM_019, ITEM_097, ITEM_004"
ORD_0437,"ITEM_006, ITEM_012, ITEM_007, ITEM_055, ITEM_018"
ORD_0438,"ITEM_008, ITEM_025, ITEM_016, ITEM_014, ITEM_006, ITEM_088, ITEM_012, ITEM_007"
ORD_0439,ITEM_013
ORD_0440,"ITEM_060, ITEM_076, ITEM_043, ITEM_016, ITEM_009, ITEM_014, ITEM_002"
ORD_0441,"ITEM_016, ITEM_003, ITEM_011, ITEM_006, ITEM_007, ITEM_091"
ORD_0442,"ITEM_020, ITEM_003, ITEM_014, ITEM_012, ITEM_079, ITEM_001, ITEM_017"
ORD_0443,"ITEM_009, ITEM_005, ITEM_011"
ORD_0444,"ITEM_008, ITEM_066, ITEM_015, ITEM_085, ITEM_002, ITEM_059, ITEM_017"
ORD_0445,"ITEM_013, ITEM_099, ITEM_011, ITEM_019, ITEM_017"
ORD_0446,"ITEM_020, ITEM_013, ITEM_016, ITEM_041, ITEM_012, ITEM_040, ITEM_004, ITEM_017"
ORD_0447,"ITEM_066, ITEM_087, ITEM_005, ITEM_034, ITEM_033"
ORD_0448,"ITEM_010, ITEM_046, ITEM_006, ITEM_005, ITEM_017"
ORD_0449,"ITEM_008, ITEM_001, ITEM_017"
ORD_0450,"ITEM_020, ITEM_016, ITEM_003, ITEM_024, ITEM_014, ITEM_006, ITEM_007, ITEM_001"
ORD_0451,"ITEM_008, ITEM_010, ITEM_009, ITEM_006, ITEM_054, ITEM_019, ITEM_004"
ORD_0452,"ITEM_020, ITEM_009, ITEM_006, ITEM_088, ITEM_007, ITEM_002, ITEM_017"
ORD_0453,"ITEM_010, ITEM_064, ITEM_080, ITEM_011"
ORD_0454,"ITEM_068, ITEM_007, ITEM_011"
ORD_0455,"ITEM_016, ITEM_012, ITEM_007, ITEM_018, ITEM_019"
ORD_0456,"ITEM_006, ITEM_008, ITEM_017"
ORD_0457,"ITEM_036, ITEM_007, ITEM_016"
ORD_0458,"ITEM_031, ITEM_008, ITEM_016, ITEM_003, ITEM_012, ITEM_069, ITEM_018, ITEM_049"
ORD_0459,"ITEM_078, ITEM_016, ITEM_011, ITEM_006, ITEM_018, ITEM_004, ITEM_015"
ORD_0460,"ITEM_028, ITEM_008"
ORD_0461,"ITEM_018, ITEM_012"
ORD_0462,"ITEM_018, ITEM_027, ITEM_013, ITEM_090"
ORD_0463,"ITEM_004, ITEM_002"
ORD_0464,"ITEM_020, ITEM_066, ITEM_010, ITEM_014, ITEM_012, ITEM_007, ITEM_049, ITEM_004"
ORD_0465,"ITEM_013, ITEM_014, ITEM_100, ITEM_018, ITEM_019"
ORD_0466,"ITEM_013, ITEM_020, ITEM_050, ITEM_006, ITEM_051, ITEM_005, ITEM_018, ITEM_015"
ORD_0467,ITEM_089
ORD_0468,"ITEM_014, ITEM_007, ITEM_069, ITEM_062, ITEM_001, ITEM_015"
ORD_0469,"ITEM_013, ITEM_005, ITEM_017, ITEM_002"
ORD_0470,"ITEM_009, ITEM_003, ITEM_014, ITEM_007, ITEM_005, ITEM_018, ITEM_040"
ORD_0471,"ITEM_013, ITEM_060, ITEM_004"
ORD_0472,"ITEM_003, ITEM_011, ITEM_014, ITEM_007, ITEM_005, ITEM_057, ITEM_004"
ORD_0473,"ITEM_011, ITEM_074, ITEM_051, ITEM_071, ITEM_001"
ORD_0474,"ITEM_066, ITEM_009, ITEM_080, ITEM_011, ITEM_005, ITEM_018, ITEM_019, ITEM_038"
ORD_0475,"ITEM_089, ITEM_016, ITEM_003, ITEM_011, ITEM_019, ITEM_018, ITEM_027, ITEM_034"
ORD_0476,ITEM_016
ORD_0477,"ITEM_013, ITEM_017, ITEM_011"
ORD_0478,"ITEM_004, ITEM_013, ITEM_059, ITEM_017"
ORD_0479,"ITEM_010, ITEM_003, ITEM_053, ITEM_072, ITEM_062"
ORD_0480,"ITEM_010, ITEM_003, ITEM_015, ITEM_012, ITEM_005, ITEM_018, ITEM_071, ITEM_017"
ORD_0481,"ITEM_018, ITEM_009"
ORD_0482,"ITEM_012, ITEM_007, ITEM_016, ITEM_002"
ORD_0483,"ITEM_008, ITEM_092, ITEM_085, ITEM_002, ITEM_017, ITEM_001, ITEM_015"
ORD_0484,"ITEM_092, ITEM_014, ITEM_018, ITEM_001, ITEM_017"
ORD_0485,"ITEM_010, ITEM_003, ITEM_012, ITEM_007, ITEM_005, ITEM_055, ITEM_018, ITEM_004"
ORD_0486,ITEM_011
ORD_0487,"ITEM_019, ITEM_001, ITEM_015"
ORD_0488,ITEM_011
ORD_0489,ITEM_005
ORD_0490,"ITEM_008, ITEM_009, ITEM_012, ITEM_067, ITEM_004"
ORD_0491,"ITEM_018, ITEM_020, ITEM_071, ITEM_015"
ORD_0492,"ITEM_016, ITEM_044, ITEM_087, ITEM_003, ITEM_009, ITEM_011, ITEM_006, ITEM_034"
ORD_0493,ITEM_011
ORD_0494,"ITEM_098, ITEM_018, ITEM_020, ITEM_010"
ORD_0495,"ITEM_009, ITEM_003, ITEM_001, ITEM_011, ITEM_006, ITEM_018, ITEM_004"
ORD_0496,ITEM_006
ORD_0497,ITEM_001
ORD_0498,"ITEM_003, ITEM_001, ITEM_014, ITEM_016"
ORD_0499,"ITEM_008, ITEM_009, ITEM_003, ITEM_018, ITEM_015"
ORD_0500,"ITEM_007, ITEM_089, ITEM_002"
ORD_0501,"ITEM_003, ITEM_007, ITEM_002, ITEM_018, ITEM_100"
ORD_0502,"ITEM_020, ITEM_016, ITEM_006, ITEM_023, ITEM_038, ITEM_041, ITEM_015"
ORD_0503,"ITEM_052, ITEM_010, ITEM_001, ITEM_006, ITEM_004"
ORD_0504,"ITEM_011, ITEM_006, ITEM_005, ITEM_019, ITEM_017"
ORD_0505,"ITEM_008, ITEM_020, ITEM_013, ITEM_016, ITEM_004, ITEM_018, ITEM_001, ITEM_017"
ORD_0506,"ITEM_008, ITEM_066, ITEM_004, ITEM_084"
ORD_0507,"ITEM_008, ITEM_013, ITEM_009, ITEM_012, ITEM_007, ITEM_018, ITEM_071, ITEM_017"
ORD_0508,"ITEM_020, ITEM_003, ITEM_082, ITEM_011, ITEM_007"
ORD_0509,"ITEM_076, ITEM_013, ITEM_007, ITEM_058, ITEM_018, ITEM_019, ITEM_001, ITEM_017"
ORD_0510,"ITEM_013, ITEM_020, ITEM_008, ITEM_030, ITEM_007, ITEM_091, ITEM_015"
ORD_0511,"ITEM_003, ITEM_039, ITEM_041"
ORD_0512,ITEM_012
ORD_0513,"ITEM_020, ITEM_008, ITEM_016, ITEM_003, ITEM_001, ITEM_023, ITEM_004"
ORD_0514,"ITEM_012, ITEM_015, ITEM_002"
ORD_0515,"ITEM_082, ITEM_012, ITEM_036, ITEM_079, ITEM_017"
ORD_0516,"ITEM_079, ITEM_050, ITEM_005, ITEM_002, ITEM_004"
ORD_0517,"ITEM_003, ITEM_075, ITEM_004, ITEM_012, ITEM_007, ITEM_001"
ORD_0518,"ITEM_019, ITEM_024, ITEM_006"
ORD_0519,ITEM_078
ORD_0520,"ITEM_086, ITEM_011, ITEM_004, ITEM_006, ITEM_018, ITEM_001"
ORD_0521,"ITEM_007, ITEM_080"
ORD_0522,"ITEM_001, ITEM_014, ITEM_013, ITEM_016"
ORD_0523,"ITEM_013, ITEM_020, ITEM_017"
ORD_0524,"ITEM_013, ITEM_009, ITEM_010, ITEM_003, ITEM_004, ITEM_042, ITEM_001"
ORD_0525,"ITEM_008, ITEM_010, ITEM_080, ITEM_021, ITEM_012, ITEM_034, ITEM_017"
ORD_0526,"ITEM_016, ITEM_084, ITEM_070, ITEM_064, ITEM_007"
ORD_0527,ITEM_010
ORD_0528,"ITEM_084, ITEM_010, ITEM_006, ITEM_012, ITEM_015"
ORD_0529,"ITEM_009, ITEM_003"
ORD_0530,"ITEM_013, ITEM_006, ITEM_002, ITEM_062, ITEM_015"
ORD_0531,"ITEM_008, ITEM_013, ITEM_016, ITEM_048, ITEM_006, ITEM_002, ITEM_041, ITEM_017"
ORD_0532,"ITEM_009, ITEM_006, ITEM_008, ITEM_001"
ORD_0533,"ITEM_078, ITEM_047, ITEM_035, ITEM_079, ITEM_018, ITEM_019, ITEM_001"
ORD_0534,"ITEM_001, ITEM_002"
ORD_0535,"ITEM_018, ITEM_006, ITEM_025, ITEM_007"
ORD_0536,"ITEM_019, ITEM_029"
ORD_0537,"ITEM_013, ITEM_008, ITEM_020, ITEM_009, ITEM_003, ITEM_011, ITEM_012, ITEM_017"
ORD_0538,"ITEM_010, ITEM_003, ITEM_017, ITEM_002"
ORD_0539,"ITEM_008, ITEM_039, ITEM_009, ITEM_011, ITEM_048, ITEM_014, ITEM_018, ITEM_063"
ORD_0540,"ITEM_006, ITEM_020, ITEM_012, ITEM_004"
ORD_0541,"ITEM_013, ITEM_006, ITEM_014, ITEM_007, ITEM_018, ITEM_059, ITEM_017"
ORD_0542,"ITEM_010, ITEM_012"
ORD_0543,"ITEM_008, ITEM_072, ITEM_074, ITEM_081, ITEM_015"
ORD_0544,"ITEM_020, ITEM_008, ITEM_016, ITEM_009, ITEM_018, ITEM_037"
ORD_0545,"ITEM_014, ITEM_019, ITEM_012"
ORD_0546,"ITEM_009, ITEM_006, ITEM_018, ITEM_012, ITEM_037, ITEM_062"
ORD_0547,"ITEM_028, ITEM_090, ITEM_094, ITEM_091, ITEM_015"
ORD_0548,"ITEM_085, ITEM_014, ITEM_007, ITEM_005, ITEM_002, ITEM_015"
ORD_0549,ITEM_019
ORD_0550,"ITEM_042, ITEM_013"
ORD_0551,"ITEM_010, ITEM_003, ITEM_009, ITEM_012, ITEM_005, ITEM_027, ITEM_017"
ORD_0552,"ITEM_098, ITEM_010, ITEM_006, ITEM_019, ITEM_004, ITEM_015"
ORD_0553,"ITEM_020, ITEM_013, ITEM_008, ITEM_009, ITEM_003, ITEM_002, ITEM_019, ITEM_015"
ORD_0554,"ITEM_012, ITEM_004, ITEM_002"
ORD_0555,"ITEM_047, ITEM_006, ITEM_035, ITEM_005, ITEM_037, ITEM_015"
ORD_0556,"ITEM_016, ITEM_050, ITEM_011, ITEM_006, ITEM_001, ITEM_015"
ORD_0557,ITEM_016
ORD_0558,"ITEM_031, ITEM_020, ITEM_016, ITEM_011, ITEM_094, ITEM_007, ITEM_018, ITEM_017"
ORD_0559,"ITEM_019, ITEM_008, ITEM_012"
ORD_0560,"ITEM_018, ITEM_012, ITEM_001"
ORD_0561,"ITEM_018, ITEM_014, ITEM_020, ITEM_031"
ORD_0562,"ITEM_008, ITEM_088, ITEM_005, ITEM_037, ITEM_019"
ORD_0563,"ITEM_011, ITEM_014, ITEM_005, ITEM_068, ITEM_019"
ORD_0564,"ITEM_012, ITEM_019, ITEM_006, ITEM_004"
ORD_0565,"ITEM_085, ITEM_019, ITEM_007"
ORD_0566,"ITEM_020, ITEM_016, ITEM_011, ITEM_006, ITEM_014"
ORD_0567,"ITEM_095, ITEM_010, ITEM_003, ITEM_011, ITEM_014, ITEM_079, ITEM_019, ITEM_093"
ORD_0568,"ITEM_081, ITEM_005, ITEM_057, ITEM_027, ITEM_004"
ORD_0569,ITEM_009
ORD_0570,"ITEM_006, ITEM_075"
ORD_0571,"ITEM_019, ITEM_008, ITEM_007, ITEM_004"
ORD_0572,"ITEM_008, ITEM_013, ITEM_089, ITEM_010, ITEM_011, ITEM_012, ITEM_019, ITEM_059"
ORD_0573,"ITEM_009, ITEM_003, ITEM_011"
ORD_0574,"ITEM_009, ITEM_013, ITEM_034, ITEM_011"
ORD_0575,ITEM_005
ORD_0576,ITEM_063
ORD_0577,"ITEM_018, ITEM_019, ITEM_002"
ORD_0578,"ITEM_012, ITEM_043, ITEM_017"
ORD_0579,"ITEM_020, ITEM_006, ITEM_077, ITEM_002, ITEM_004, ITEM_017"
ORD_0580,"ITEM_006, ITEM_016"
ORD_0581,"ITEM_060, ITEM_016, ITEM_004, ITEM_014, ITEM_007, ITEM_019, ITEM_001"
ORD_0582,"ITEM_020, ITEM_009, ITEM_080, ITEM_050, ITEM_006"
ORD_0583,"ITEM_017, ITEM_004, ITEM_033"
ORD_0584,"ITEM_010, ITEM_053, ITEM_045, ITEM_014, ITEM_012, ITEM_002, ITEM_001, ITEM_017"
ORD_0585,"ITEM_019, ITEM_006, ITEM_003"
ORD_0586,"ITEM_020, ITEM_016, ITEM_003, ITEM_001, ITEM_053, ITEM_018, ITEM_004"
ORD_0587,"ITEM_098, ITEM_008, ITEM_007, ITEM_001"
ORD_0588,"ITEM_013, ITEM_006, ITEM_005, ITEM_019, ITEM_096, ITEM_017"
ORD_0589,"ITEM_085, ITEM_003"
ORD_0590,"ITEM_013, ITEM_016, ITEM_003, ITEM_011, ITEM_012, ITEM_005, ITEM_002, ITEM_018"
ORD_0591,"ITEM_003, ITEM_013, ITEM_016"
ORD_0592,"ITEM_020, ITEM_046, ITEM_080, ITEM_001, ITEM_017"
ORD_0593,"ITEM_013, ITEM_016, ITEM_003, ITEM_080, ITEM_051, ITEM_007, ITEM_018"
ORD_0594,"ITEM_020, ITEM_060, ITEM_068, ITEM_013, ITEM_085, ITEM_005, ITEM_002, ITEM_019"
ORD_0595,ITEM_016
ORD_0596,ITEM_010
ORD_0597,"ITEM_008, ITEM_010, ITEM_009, ITEM_014, ITEM_012, ITEM_005, ITEM_002, ITEM_018"
ORD_0598,"ITEM_014, ITEM_005, ITEM_048"
ORD_0599,"ITEM_010, ITEM_087, ITEM_011, ITEM_006, ITEM_058, ITEM_002, ITEM_015"
ORD_0600,"ITEM_020, ITEM_003, ITEM_014, ITEM_006, ITEM_019, ITEM_004, ITEM_015"
ORD_0601,"ITEM_003, ITEM_015, ITEM_080, ITEM_011, ITEM_006, ITEM_012, ITEM_017"
ORD_0602,"ITEM_098, ITEM_020, ITEM_016, ITEM_010, ITEM_068, ITEM_034, ITEM_017"
ORD_0603,"ITEM_014, ITEM_007"
ORD_0604,"ITEM_016, ITEM_082, ITEM_002, ITEM_018, ITEM_019, ITEM_015"
ORD_0605,"ITEM_086, ITEM_089, ITEM_016, ITEM_009, ITEM_051, ITEM_019, ITEM_004"
ORD_0606,"ITEM_009, ITEM_003, ITEM_004, ITEM_006, ITEM_007, ITEM_019, ITEM_001, ITEM_032"
ORD_0607,"ITEM_010, ITEM_003, ITEM_048, ITEM_081, ITEM_055, ITEM_002, ITEM_019, ITEM_001"
ORD_0608,"ITEM_028, ITEM_003, ITEM_011, ITEM_006, ITEM_005, ITEM_019"
ORD_0609,"ITEM_010, ITEM_012, ITEM_015"
ORD_0610,"ITEM_095, ITEM_016, ITEM_017, ITEM_100"
ORD_0611,"ITEM_016, ITEM_011"
ORD_0612,"ITEM_010, ITEM_004"
ORD_0613,"ITEM_003, ITEM_016"
ORD_0614,"ITEM_078, ITEM_006, ITEM_076, ITEM_007"
ORD_0615,"ITEM_013, ITEM_015, ITEM_005, ITEM_018, ITEM_001, ITEM_017"
ORD_0616,ITEM_008
ORD_0617,"ITEM_073, ITEM_080, ITEM_011, ITEM_012, ITEM_007, ITEM_088, ITEM_034, ITEM_001"
ORD_0618,"ITEM_040, ITEM_005, ITEM_016"
ORD_0619,"ITEM_016, ITEM_015, ITEM_059, ITEM_042, ITEM_005, ITEM_002, ITEM_004, ITEM_017"
ORD_0620,"ITEM_003, ITEM_048, ITEM_005, ITEM_018, ITEM_017, ITEM_004, ITEM_015"
ORD_0621,"ITEM_010, ITEM_049, ITEM_017, ITEM_002"
ORD_0622,"ITEM_098, ITEM_013, ITEM_082"
ORD_0623,"ITEM_016, ITEM_003, ITEM_005, ITEM_049, ITEM_004"
ORD_0624,"ITEM_013, ITEM_004"
ORD_0625,"ITEM_098, ITEM_009, ITEM_003, ITEM_006, ITEM_014, ITEM_005, ITEM_019, ITEM_032"
ORD_0626,"ITEM_094, ITEM_053, ITEM_100"
ORD_0627,"ITEM_016, ITEM_068"
ORD_0628,ITEM_007
ORD_0629,"ITEM_013, ITEM_006, ITEM_019, ITEM_064, ITEM_005, ITEM_049"
ORD_0630,ITEM_015
ORD_0631,ITEM_007
ORD_0632,"ITEM_031, ITEM_089, ITEM_005"
ORD_0633,"ITEM_011, ITEM_004, ITEM_007, ITEM_002, ITEM_018, ITEM_052"
ORD_0634,"ITEM_028, ITEM_013, ITEM_010, ITEM_050, ITEM_012, ITEM_005, ITEM_019, ITEM_017"
ORD_0635,ITEM_016
ORD_0636,ITEM_095
ORD_0637,"ITEM_007, ITEM_062"
ORD_0638,"ITEM_020, ITEM_016, ITEM_010, ITEM_009, ITEM_011, ITEM_014, ITEM_005"
ORD_0639,"ITEM_006, ITEM_003"
ORD_0640,"ITEM_018, ITEM_027, ITEM_084"
ORD_0641,"ITEM_013, ITEM_089, ITEM_014, ITEM_067, ITEM_061, ITEM_036, ITEM_017, ITEM_015"
ORD_0642,"ITEM_013, ITEM_016, ITEM_010, ITEM_003, ITEM_007, ITEM_018, ITEM_040, ITEM_015"
ORD_0643,ITEM_018
ORD_0644,"ITEM_010, ITEM_011, ITEM_014, ITEM_007, ITEM_019"
ORD_0645,"ITEM_008, ITEM_010, ITEM_011, ITEM_012, ITEM_094, ITEM_015"
ORD_0646,"ITEM_031, ITEM_012, ITEM_058, ITEM_021"
ORD_0647,"ITEM_095, ITEM_055"
ORD_0648,"ITEM_020, ITEM_030, ITEM_006, ITEM_014, ITEM_004"
ORD_0649,"ITEM_009, ITEM_020, ITEM_017"
ORD_0650,"ITEM_010, ITEM_018, ITEM_027"
ORD_0651,"ITEM_008, ITEM_012, ITEM_007"
ORD_0652,"ITEM_010, ITEM_022, ITEM_007, ITEM_062"
ORD_0653,"ITEM_073, ITEM_014, ITEM_006, ITEM_007"
ORD_0654,"ITEM_019, ITEM_008, ITEM_050, ITEM_020"
ORD_0655,"ITEM_018, ITEM_009, ITEM_044"
ORD_0656,"ITEM_010, ITEM_008, ITEM_069"
ORD_0657,"ITEM_003, ITEM_011, ITEM_006, ITEM_058, ITEM_019, ITEM_015"
ORD_0658,"ITEM_013, ITEM_009, ITEM_014, ITEM_012, ITEM_007, ITEM_005, ITEM_019, ITEM_038"
ORD_0659,"ITEM_013, ITEM_020, ITEM_003, ITEM_053, ITEM_011, ITEM_012, ITEM_007, ITEM_001"
ORD_0660,"ITEM_013, ITEM_020, ITEM_033, ITEM_023, ITEM_049, ITEM_017"
ORD_0661,ITEM_016
ORD_0662,"ITEM_002, ITEM_011"
ORD_0663,"ITEM_018, ITEM_008, ITEM_009"
ORD_0664,"ITEM_018, ITEM_006, ITEM_001"
ORD_0665,"ITEM_013, ITEM_008, ITEM_020, ITEM_016, ITEM_015, ITEM_006, ITEM_001, ITEM_017"
ORD_0666,"ITEM_005, ITEM_015"
ORD_0667,"ITEM_013, ITEM_014, ITEM_019, ITEM_032, ITEM_096, ITEM_017, ITEM_001, ITEM_015"
ORD_0668,"ITEM_030, ITEM_012, ITEM_002, ITEM_018, ITEM_019, ITEM_004"
ORD_0669,"ITEM_098, ITEM_099, ITEM_010, ITEM_011, ITEM_085, ITEM_007, ITEM_005, ITEM_017"
ORD_0670,"ITEM_005, ITEM_016, ITEM_017"
ORD_0671,"ITEM_020, ITEM_008, ITEM_010, ITEM_085, ITEM_014"
ORD_0672,"ITEM_010, ITEM_012, ITEM_016, ITEM_015"
ORD_0673,"ITEM_072, ITEM_012, ITEM_079, ITEM_018, ITEM_004"
ORD_0674,"ITEM_008, ITEM_014, ITEM_012, ITEM_005, ITEM_002"
ORD_0675,"ITEM_088, ITEM_012, ITEM_002"
ORD_0676,"ITEM_003, ITEM_007, ITEM_005, ITEM_011"
ORD_0677,ITEM_020
ORD_0678,"ITEM_020, ITEM_013, ITEM_016, ITEM_003, ITEM_006, ITEM_014, ITEM_002, ITEM_017"
ORD_0679,"ITEM_003, ITEM_004"
ORD_0680,"ITEM_060, ITEM_016, ITEM_010, ITEM_003, ITEM_006, ITEM_019, ITEM_062, ITEM_004"
ORD_0681,"ITEM_010, ITEM_009, ITEM_011, ITEM_006, ITEM_002"
ORD_0682,"ITEM_010, ITEM_009, ITEM_030, ITEM_014, ITEM_035, ITEM_012, ITEM_006"
ORD_0683,"ITEM_019, ITEM_020, ITEM_004"
ORD_0684,ITEM_040
ORD_0685,"ITEM_008, ITEM_001, ITEM_048, ITEM_018, ITEM_019, ITEM_004"
ORD_0686,"ITEM_025, ITEM_099, ITEM_083, ITEM_011, ITEM_007, ITEM_019"
ORD_0687,"ITEM_018, ITEM_003"
ORD_0688,"ITEM_009, ITEM_007, ITEM_005, ITEM_002, ITEM_004, ITEM_015"
ORD_0689,ITEM_010
ORD_0690,"ITEM_009, ITEM_013"
ORD_0691,"ITEM_014, ITEM_041, ITEM_016, ITEM_015"
ORD_0692,"ITEM_018, ITEM_090, ITEM_061, ITEM_002"
ORD_0693,"ITEM_031, ITEM_019, ITEM_013, ITEM_005"
ORD_0694,"ITEM_095, ITEM_020, ITEM_008, ITEM_010, ITEM_014, ITEM_019, ITEM_034, ITEM_017"
ORD_0695,"ITEM_057, ITEM_007, ITEM_015, ITEM_002"
ORD_0696,"ITEM_010, ITEM_003, ITEM_009, ITEM_092, ITEM_080, ITEM_018, ITEM_041, ITEM_017"
ORD_0697,ITEM_059
ORD_0698,"ITEM_080, ITEM_045, ITEM_006, ITEM_055, ITEM_017"
ORD_0699,"ITEM_016, ITEM_009, ITEM_073, ITEM_003, ITEM_011, ITEM_006, ITEM_005"
ORD_0700,"ITEM_006, ITEM_035, ITEM_005, ITEM_027, ITEM_017"
ORD_0701,"ITEM_010, ITEM_019, ITEM_004"
ORD_0702,"ITEM_013, ITEM_009, ITEM_003, ITEM_006, ITEM_012, ITEM_018, ITEM_001, ITEM_015"
ORD_0703,"ITEM_014, ITEM_019, ITEM_002"
ORD_0704,"ITEM_016, ITEM_003, ITEM_012, ITEM_018, ITEM_093, ITEM_038"
ORD_0705,"ITEM_009, ITEM_001"
ORD_0706,"ITEM_018, ITEM_020, ITEM_008, ITEM_083"
ORD_0707,"ITEM_019, ITEM_008"
ORD_0708,"ITEM_016, ITEM_010, ITEM_003, ITEM_011, ITEM_005, ITEM_057, ITEM_018"
ORD_0709,"ITEM_016, ITEM_009, ITEM_046, ITEM_092, ITEM_088, ITEM_005, ITEM_071"
ORD_0710,ITEM_048
ORD_0711,"ITEM_013, ITEM_029, ITEM_012, ITEM_067, ITEM_018, ITEM_019, ITEM_017"
ORD_0712,"ITEM_031, ITEM_020, ITEM_008, ITEM_012, ITEM_007, ITEM_005, ITEM_032, ITEM_026"
ORD_0713,ITEM_007
ORD_0714,"ITEM_003, ITEM_019, ITEM_002"
ORD_0715,"ITEM_008, ITEM_087, ITEM_011, ITEM_002, ITEM_019, ITEM_001"
ORD_0716,"ITEM_014, ITEM_034, ITEM_011"
ORD_0717,ITEM_030
ORD_0718,"ITEM_008, ITEM_089, ITEM_043, ITEM_009, ITEM_011, ITEM_005, ITEM_001, ITEM_032"
ORD_0719,"ITEM_016, ITEM_009, ITEM_050, ITEM_011, ITEM_005, ITEM_001"
ORD_0720,"ITEM_009, ITEM_012, ITEM_036, ITEM_061, ITEM_005, ITEM_019, ITEM_015"
ORD_0721,"ITEM_020, ITEM_044, ITEM_010, ITEM_074, ITEM_012, ITEM_005, ITEM_002, ITEM_026"
ORD_0722,"ITEM_031, ITEM_011, ITEM_006, ITEM_057, ITEM_015"
ORD_0723,"ITEM_018, ITEM_045"
ORD_0724,"ITEM_009, ITEM_019, ITEM_002, ITEM_011"
ORD_0725,"ITEM_006, ITEM_091, ITEM_056"
ORD_0726,"ITEM_009, ITEM_092"
ORD_0727,"ITEM_009, ITEM_014, ITEM_012, ITEM_007, ITEM_002, ITEM_059"
ORD_0728,"ITEM_013, ITEM_014, ITEM_057, ITEM_017, ITEM_004, ITEM_032"
ORD_0729,"ITEM_013, ITEM_020, ITEM_011, ITEM_006, ITEM_005, ITEM_002, ITEM_018, ITEM_019"
ORD_0730,"ITEM_076, ITEM_003, ITEM_072, ITEM_011, ITEM_074, ITEM_005, ITEM_038"
ORD_0731,"ITEM_092, ITEM_053, ITEM_012, ITEM_007, ITEM_037, ITEM_001"
ORD_0732,"ITEM_019, ITEM_004, ITEM_016"
ORD_0733,ITEM_051
ORD_0734,ITEM_015
ORD_0735,"ITEM_039, ITEM_016, ITEM_010, ITEM_024, ITEM_048, ITEM_007, ITEM_057, ITEM_017"
ORD_0736,"ITEM_013, ITEM_010, ITEM_009, ITEM_042, ITEM_006, ITEM_055, ITEM_057"
ORD_0737,"ITEM_006, ITEM_018, ITEM_019, ITEM_062, ITEM_001, ITEM_017"
ORD_0738,"ITEM_003, ITEM_007, ITEM_016"
ORD_0739,ITEM_032
ORD_0740,"ITEM_098, ITEM_020, ITEM_039, ITEM_084, ITEM_015, ITEM_014, ITEM_012, ITEM_017"
ORD_0741,"ITEM_006, ITEM_004"
ORD_0742,"ITEM_006, ITEM_008, ITEM_007, ITEM_096"
ORD_0743,"ITEM_020, ITEM_009, ITEM_001, ITEM_002, ITEM_065, ITEM_093, ITEM_004"
ORD_0744,"ITEM_039, ITEM_042, ITEM_007, ITEM_002, ITEM_017"
ORD_0745,"ITEM_009, ITEM_001, ITEM_015"
ORD_0746,"ITEM_008, ITEM_003, ITEM_001, ITEM_002, ITEM_004"
ORD_0747,ITEM_090
ORD_0748,"ITEM_013, ITEM_043, ITEM_016, ITEM_010, ITEM_014"
ORD_0749,"ITEM_010, ITEM_073, ITEM_001"
ORD_0750,ITEM_016
ORD_0751,"ITEM_018, ITEM_002"
ORD_0752,ITEM_015
ORD_0753,ITEM_012
ORD_0754,"ITEM_008, ITEM_016, ITEM_003, ITEM_014, ITEM_001"
ORD_0755,"ITEM_018, ITEM_007, ITEM_001"
ORD_0756,"ITEM_060, ITEM_020, ITEM_003, ITEM_012, ITEM_007, ITEM_002, ITEM_018, ITEM_052"
ORD_0757,ITEM_012
ORD_0758,"ITEM_018, ITEM_054, ITEM_011"
ORD_0759,"ITEM_013, ITEM_011, ITEM_006, ITEM_014, ITEM_007, ITEM_019, ITEM_049, ITEM_017"
ORD_0760,"ITEM_027, ITEM_013, ITEM_006, ITEM_004"
ORD_0761,ITEM_008
ORD_0762,"ITEM_022, ITEM_008, ITEM_009, ITEM_011, ITEM_006, ITEM_019"
ORD_0763,"ITEM_019, ITEM_002"
ORD_0764,"ITEM_020, ITEM_086, ITEM_003, ITEM_014, ITEM_002, ITEM_049, ITEM_001, ITEM_015"
ORD_0765,"ITEM_016, ITEM_003, ITEM_024, ITEM_014, ITEM_012"
ORD_0766,"ITEM_015, ITEM_056"
ORD_0767,"ITEM_020, ITEM_039, ITEM_009, ITEM_011, ITEM_012, ITEM_019"
ORD_0768,"ITEM_058, ITEM_005, ITEM_002, ITEM_018, ITEM_017"
ORD_0769,"ITEM_009, ITEM_024, ITEM_006, ITEM_014, ITEM_018, ITEM_019, ITEM_001"
ORD_0770,ITEM_020
ORD_0771,"ITEM_044, ITEM_010, ITEM_073, ITEM_007, ITEM_019, ITEM_017"
ORD_0772,"ITEM_002, ITEM_015, ITEM_011"
ORD_0773,"ITEM_012, ITEM_079, ITEM_018, ITEM_052, ITEM_015"
ORD_0774,"ITEM_013, ITEM_016, ITEM_003, ITEM_012, ITEM_007"
ORD_0775,"ITEM_014, ITEM_015"
ORD_0776,ITEM_010
ORD_0777,"ITEM_008, ITEM_009, ITEM_005, ITEM_100, ITEM_019, ITEM_038"
ORD_0778,"ITEM_035, ITEM_012, ITEM_005"
ORD_0779,"ITEM_010, ITEM_014, ITEM_051, ITEM_019, ITEM_017"
ORD_0780,"ITEM_008, ITEM_013, ITEM_068, ITEM_002, ITEM_063"
ORD_0781,"ITEM_008, ITEM_013, ITEM_020, ITEM_009, ITEM_010, ITEM_007"
ORD_0782,"ITEM_003, ITEM_020, ITEM_002"
ORD_0783,"ITEM_078, ITEM_013, ITEM_009, ITEM_011, ITEM_100, ITEM_004"
ORD_0784,ITEM_005
ORD_0785,ITEM_004
ORD_0786,"ITEM_003, ITEM_006, ITEM_005, ITEM_016"
ORD_0787,"ITEM_018, ITEM_097"
ORD_0788,"ITEM_020, ITEM_016, ITEM_010, ITEM_014, ITEM_005, ITEM_017"
ORD_0789,"ITEM_017, ITEM_011"
ORD_0790,"ITEM_008, ITEM_013, ITEM_003, ITEM_024, ITEM_011, ITEM_012, ITEM_040, ITEM_015"
ORD_0791,ITEM_076
ORD_0792,ITEM_097
ORD_0793,ITEM_013
ORD_0794,"ITEM_008, ITEM_073, ITEM_010, ITEM_006, ITEM_042, ITEM_007, ITEM_055, ITEM_017"
ORD_0795,"ITEM_008, ITEM_009, ITEM_087, ITEM_085, ITEM_015"
ORD_0796,"ITEM_013, ITEM_003, ITEM_045, ITEM_011, ITEM_006, ITEM_007, ITEM_019, ITEM_017"
ORD_0797,"ITEM_019, ITEM_020"
ORD_0798,"ITEM_008, ITEM_016, ITEM_003, ITEM_002, ITEM_019, ITEM_049, ITEM_004"
ORD_0799,"ITEM_004, ITEM_073, ITEM_020, ITEM_008"
ORD_0800,"ITEM_020, ITEM_008, ITEM_016, ITEM_009, ITEM_005, ITEM_002, ITEM_065, ITEM_015"
ORD_0801,"ITEM_008, ITEM_080"
ORD_0802,"ITEM_014, ITEM_008"
ORD_0803,"ITEM_037, ITEM_006, ITEM_050, ITEM_011"
ORD_0804,"ITEM_073, ITEM_047, ITEM_013"
ORD_0805,"ITEM_020, ITEM_086, ITEM_016, ITEM_004, ITEM_017"
ORD_0806,"ITEM_020, ITEM_013, ITEM_099, ITEM_002, ITEM_018, ITEM_019, ITEM_017"
ORD_0807,"ITEM_020, ITEM_013, ITEM_016, ITEM_003, ITEM_056, ITEM_005, ITEM_018"
ORD_0808,"ITEM_019, ITEM_070, ITEM_012"
ORD_0809,ITEM_020
ORD_0810,ITEM_005
ORD_0811,"ITEM_009, ITEM_012, ITEM_061, ITEM_004, ITEM_015"
ORD_0812,"ITEM_006, ITEM_013, ITEM_016"
ORD_0813,"ITEM_010, ITEM_009, ITEM_015, ITEM_014, ITEM_018, ITEM_019, ITEM_004, ITEM_017"
ORD_0814,"ITEM_013, ITEM_010, ITEM_011, ITEM_006, ITEM_007, ITEM_061"
ORD_0815,"ITEM_006, ITEM_002"
ORD_0816,"ITEM_020, ITEM_009, ITEM_003, ITEM_002, ITEM_057, ITEM_091"
ORD_0817,"ITEM_007, ITEM_077, ITEM_002"
ORD_0818,"ITEM_018, ITEM_016"
ORD_0819,"ITEM_075, ITEM_008, ITEM_002"
ORD_0820,"ITEM_006, ITEM_017"
ORD_0821,"ITEM_019, ITEM_020, ITEM_007, ITEM_001"
ORD_0822,"ITEM_010, ITEM_007"
ORD_0823,"ITEM_009, ITEM_013, ITEM_001"
ORD_0824,"ITEM_010, ITEM_011, ITEM_004, ITEM_014, ITEM_002, ITEM_001"
ORD_0825,"ITEM_090, ITEM_024, ITEM_011, ITEM_014, ITEM_007, ITEM_005, ITEM_002, ITEM_019"
ORD_0826,"ITEM_019, ITEM_013, ITEM_004, ITEM_014"
ORD_0827,"ITEM_016, ITEM_014, ITEM_094, ITEM_007, ITEM_065, ITEM_062, ITEM_001"
ORD_0828,"ITEM_010, ITEM_003, ITEM_029, ITEM_082, ITEM_019, ITEM_017"
ORD_0829,"ITEM_013, ITEM_009, ITEM_011, ITEM_001, ITEM_017"
ORD_0830,"ITEM_013, ITEM_011, ITEM_085, ITEM_007, ITEM_002, ITEM_097, ITEM_017"
ORD_0831,"ITEM_083, ITEM_003, ITEM_004, ITEM_014, ITEM_018, ITEM_001"
ORD_0832,"ITEM_078, ITEM_019, ITEM_051, ITEM_015"
ORD_0833,"ITEM_023, ITEM_017, ITEM_056"
ORD_0834,ITEM_015
ORD_0835,ITEM_019
ORD_0836,"ITEM_003, ITEM_023, ITEM_007, ITEM_017"
ORD_0837,"ITEM_020, ITEM_086, ITEM_011, ITEM_014, ITEM_019, ITEM_004"
ORD_0838,"ITEM_015, ITEM_006, ITEM_057, ITEM_018, ITEM_001, ITEM_026"
ORD_0839,"ITEM_020, ITEM_010, ITEM_003, ITEM_065, ITEM_019"
ORD_0840,"ITEM_016, ITEM_010, ITEM_003, ITEM_014, ITEM_007, ITEM_034, ITEM_015"
ORD_0841,"ITEM_013, ITEM_016, ITEM_087, ITEM_072, ITEM_014, ITEM_007, ITEM_005, ITEM_001"
ORD_0842,"ITEM_016, ITEM_010, ITEM_024, ITEM_065, ITEM_018"
ORD_0843,"ITEM_008, ITEM_016, ITEM_009, ITEM_010, ITEM_080, ITEM_072, ITEM_007, ITEM_019"
ORD_0844,"ITEM_020, ITEM_008, ITEM_010, ITEM_003, ITEM_080, ITEM_006, ITEM_015"
ORD_0845,ITEM_011
ORD_0846,"ITEM_011, ITEM_012, ITEM_064, ITEM_018, ITEM_004"
ORD_0847,"ITEM_011, ITEM_007, ITEM_068, ITEM_018, ITEM_004, ITEM_015"
ORD_0848,"ITEM_009, ITEM_014, ITEM_086, ITEM_005"
ORD_0849,"ITEM_014, ITEM_013, ITEM_015, ITEM_003"
ORD_0850,"ITEM_020, ITEM_008, ITEM_013, ITEM_012, ITEM_018, ITEM_015"
ORD_0851,"ITEM_020, ITEM_009, ITEM_012, ITEM_002, ITEM_018, ITEM_038, ITEM_004, ITEM_015"
ORD_0852,ITEM_009
ORD_0853,"ITEM_008, ITEM_090, ITEM_073, ITEM_006, ITEM_012, ITEM_018, ITEM_059"
ORD_0854,"ITEM_008, ITEM_011, ITEM_002, ITEM_019, ITEM_001"
ORD_0855,ITEM_002
ORD_0856,"ITEM_098, ITEM_012, ITEM_010"
ORD_0857,"ITEM_019, ITEM_089, ITEM_017"
ORD_0858,"ITEM_006, ITEM_012, ITEM_007, ITEM_094, ITEM_077, ITEM_018, ITEM_019"
ORD_0859,"ITEM_019, ITEM_001, ITEM_048"
ORD_0860,"ITEM_020, ITEM_083, ITEM_011, ITEM_056, ITEM_014, ITEM_006, ITEM_061, ITEM_015"
ORD_0861,"ITEM_078, ITEM_016, ITEM_015, ITEM_011, ITEM_005, ITEM_017"
ORD_0862,"ITEM_005, ITEM_054, ITEM_079, ITEM_019, ITEM_096, ITEM_001"
ORD_0863,"ITEM_018, ITEM_004, ITEM_015, ITEM_011"
ORD_0864,"ITEM_016, ITEM_014, ITEM_007, ITEM_057, ITEM_001"
ORD_0865,"ITEM_008, ITEM_066, ITEM_009, ITEM_019, ITEM_071, ITEM_015"
ORD_0866,ITEM_015
ORD_0867,"ITEM_016, ITEM_018, ITEM_004, ITEM_017, ITEM_026"
ORD_0868,"ITEM_016, ITEM_010, ITEM_015, ITEM_006, ITEM_014, ITEM_057, ITEM_017"
ORD_0869,"ITEM_006, ITEM_091, ITEM_001, ITEM_017"
ORD_0870,"ITEM_014, ITEM_013"
ORD_0871,"ITEM_009, ITEM_023, ITEM_012, ITEM_067"
ORD_0872,ITEM_074
ORD_0873,"ITEM_019, ITEM_013, ITEM_093, ITEM_050"
ORD_0874,"ITEM_013, ITEM_008, ITEM_012, ITEM_057, ITEM_091, ITEM_033, ITEM_001, ITEM_017"
ORD_0875,"ITEM_019, ITEM_013, ITEM_008, ITEM_017"
ORD_0876,"ITEM_011, ITEM_019, ITEM_097, ITEM_004, ITEM_033"
ORD_0877,"ITEM_008, ITEM_011, ITEM_014, ITEM_005, ITEM_019, ITEM_033"
ORD_0878,"ITEM_009, ITEM_046, ITEM_006, ITEM_002, ITEM_017"
ORD_0879,"ITEM_066, ITEM_043, ITEM_005, ITEM_020"
ORD_0880,"ITEM_014, ITEM_030, ITEM_100"
ORD_0881,"ITEM_016, ITEM_011, ITEM_081, ITEM_005, ITEM_019, ITEM_091"
ORD_0882,"ITEM_073, ITEM_001, ITEM_011, ITEM_006, ITEM_094, ITEM_007, ITEM_004, ITEM_033"
ORD_0883,"ITEM_001, ITEM_054"
ORD_0884,ITEM_017
ORD_0885,"ITEM_084, ITEM_010, ITEM_045, ITEM_012, ITEM_007, ITEM_018"
ORD_0886,"ITEM_013, ITEM_015"
ORD_0887,"ITEM_070, ITEM_012, ITEM_005, ITEM_002, ITEM_019"
ORD_0888,"ITEM_022, ITEM_025, ITEM_016, ITEM_009, ITEM_006, ITEM_058, ITEM_005, ITEM_015"
ORD_0889,"ITEM_043, ITEM_016, ITEM_015, ITEM_068, ITEM_017"
ORD_0890,ITEM_004
ORD_0891,"ITEM_073, ITEM_019, ITEM_060, ITEM_005"
ORD_0892,"ITEM_019, ITEM_005, ITEM_011"
ORD_0893,"ITEM_010, ITEM_003, ITEM_012, ITEM_058, ITEM_071, ITEM_038"
ORD_0894,"ITEM_013, ITEM_010, ITEM_011, ITEM_006, ITEM_014, ITEM_004"
ORD_0895,"ITEM_013, ITEM_008, ITEM_010, ITEM_003, ITEM_014, ITEM_005, ITEM_001, ITEM_017"
ORD_0896,ITEM_006
ORD_0897,"ITEM_014, ITEM_013, ITEM_058, ITEM_011"
ORD_0898,ITEM_020
ORD_0899,"ITEM_011, ITEM_001, ITEM_002"
ORD_0900,"ITEM_009, ITEM_061"
ORD_0901,"ITEM_007, ITEM_001"
ORD_0902,"ITEM_013, ITEM_010, ITEM_003, ITEM_024, ITEM_012, ITEM_005, ITEM_001, ITEM_015"
ORD_0903,"ITEM_008, ITEM_009, ITEM_024, ITEM_011, ITEM_012, ITEM_019"
ORD_0904,ITEM_007
ORD_0905,"ITEM_016, ITEM_083, ITEM_009, ITEM_010, ITEM_011, ITEM_019"
ORD_0906,"ITEM_007, ITEM_002"
ORD_0907,"ITEM_008, ITEM_068, ITEM_076, ITEM_003, ITEM_014, ITEM_006, ITEM_002, ITEM_019"
ORD_0908,"ITEM_003, ITEM_092, ITEM_014, ITEM_002, ITEM_015"
ORD_0909,"ITEM_009, ITEM_100, ITEM_019, ITEM_023, ITEM_001"
ORD_0910,"ITEM_008, ITEM_010, ITEM_014, ITEM_002, ITEM_018, ITEM_001, ITEM_017"
ORD_0911,"ITEM_010, ITEM_028, ITEM_008"
ORD_0912,"ITEM_098, ITEM_010, ITEM_005, ITEM_004"
ORD_0913,"ITEM_020, ITEM_009, ITEM_014, ITEM_002, ITEM_062, ITEM_052"
ORD_0914,"ITEM_095, ITEM_010, ITEM_003, ITEM_007, ITEM_015"
ORD_0915,"ITEM_031, ITEM_008, ITEM_014, ITEM_006, ITEM_088, ITEM_002, ITEM_004"
ORD_0916,"ITEM_018, ITEM_006"
ORD_0917,"ITEM_010, ITEM_061"
ORD_0918,"ITEM_084, ITEM_029, ITEM_048, ITEM_012, ITEM_005, ITEM_001, ITEM_017"
ORD_0919,"ITEM_014, ITEM_057"
ORD_0920,"ITEM_056, ITEM_011, ITEM_006, ITEM_001, ITEM_017"
ORD_0921,"ITEM_008, ITEM_084, ITEM_056, ITEM_006, ITEM_005"
ORD_0922,"ITEM_020, ITEM_016, ITEM_010, ITEM_075, ITEM_092, ITEM_001, ITEM_015"
ORD_0923,"ITEM_016, ITEM_009, ITEM_045, ITEM_012, ITEM_007, ITEM_001, ITEM_017"
ORD_0924,"ITEM_009, ITEM_001, ITEM_015, ITEM_016"
ORD_0925,"ITEM_016, ITEM_011, ITEM_049, ITEM_054, ITEM_019, ITEM_017, ITEM_004, ITEM_015"
ORD_0926,ITEM_010
ORD_0927,"ITEM_095, ITEM_008, ITEM_009, ITEM_030, ITEM_011, ITEM_006"
ORD_0928,"ITEM_003, ITEM_008, ITEM_076, ITEM_020"
ORD_0929,"ITEM_008, ITEM_009, ITEM_014, ITEM_070, ITEM_012, ITEM_006, ITEM_068, ITEM_015"
ORD_0930,"ITEM_018, ITEM_006, ITEM_013, ITEM_012"
ORD_0931,"ITEM_020, ITEM_008, ITEM_016, ITEM_030, ITEM_014, ITEM_007, ITEM_002"
ORD_0932,"ITEM_010, ITEM_009, ITEM_053, ITEM_014, ITEM_041, ITEM_015"
ORD_0933,"ITEM_001, ITEM_017"
ORD_0934,"ITEM_008, ITEM_011, ITEM_014, ITEM_094, ITEM_068, ITEM_018, ITEM_017"
ORD_0935,ITEM_026
ORD_0936,"ITEM_093, ITEM_056"
ORD_0937,"ITEM_003, ITEM_005, ITEM_016"
ORD_0938,ITEM_092
ORD_0939,"ITEM_016, ITEM_003, ITEM_006, ITEM_014, ITEM_012, ITEM_018, ITEM_017"
ORD_0940,"ITEM_013, ITEM_020, ITEM_016, ITEM_041, ITEM_100, ITEM_019, ITEM_001, ITEM_015"
ORD_0941,"ITEM_009, ITEM_011, ITEM_006, ITEM_012, ITEM_007, ITEM_005, ITEM_004"
ORD_0942,"ITEM_019, ITEM_005"
ORD_0943,"ITEM_008, ITEM_020, ITEM_084, ITEM_002, ITEM_019, ITEM_001, ITEM_017"
ORD_0944,"ITEM_013, ITEM_016, ITEM_009, ITEM_012, ITEM_100"
ORD_0945,"ITEM_063, ITEM_019"
ORD_0946,"ITEM_018, ITEM_020, ITEM_004"
ORD_0947,"ITEM_008, ITEM_036"
ORD_0948,"ITEM_018, ITEM_049, ITEM_009, ITEM_044"
ORD_0949,"ITEM_007, ITEM_015"
ORD_0950,"ITEM_020, ITEM_016, ITEM_003, ITEM_014, ITEM_002, ITEM_018, ITEM_017"
ORD_0951,"ITEM_013, ITEM_010, ITEM_011, ITEM_019, ITEM_004"
ORD_0952,"ITEM_001, ITEM_015"
ORD_0953,ITEM_017
ORD_0954,"ITEM_098, ITEM_003, ITEM_008"
ORD_0955,"ITEM_001, ITEM_041, ITEM_002"
ORD_0956,"ITEM_003, ITEM_064, ITEM_077, ITEM_018, ITEM_019, ITEM_004"
ORD_0957,"ITEM_005, ITEM_002"
ORD_0958,"ITEM_012, ITEM_007, ITEM_005, ITEM_019, ITEM_001"
ORD_0959,"ITEM_013, ITEM_008, ITEM_020, ITEM_016, ITEM_014, ITEM_012, ITEM_005, ITEM_100"
ORD_0960,ITEM_019
ORD_0961,"ITEM_010, ITEM_006, ITEM_008, ITEM_020"
ORD_0962,"ITEM_060, ITEM_012, ITEM_093"
ORD_0963,"ITEM_012, ITEM_007, ITEM_005, ITEM_002, ITEM_019"
ORD_0964,"ITEM_020, ITEM_001"
ORD_0965,"ITEM_008, ITEM_016, ITEM_003, ITEM_024, ITEM_005, ITEM_018"
ORD_0966,"ITEM_004, ITEM_019, ITEM_041, ITEM_015"
ORD_0967,"ITEM_022, ITEM_014, ITEM_013, ITEM_090"
ORD_0968,"ITEM_008, ITEM_017, ITEM_002"
ORD_0969,"ITEM_013, ITEM_009, ITEM_003, ITEM_094, ITEM_004"
ORD_0970,"ITEM_013, ITEM_042, ITEM_036, ITEM_002, ITEM_018, ITEM_015"
ORD_0971,"ITEM_020, ITEM_003, ITEM_056, ITEM_007, ITEM_002, ITEM_018, ITEM_049, ITEM_096"
ORD_0972,"ITEM_079, ITEM_073, ITEM_006, ITEM_007, ITEM_036, ITEM_002, ITEM_015"
ORD_0973,"ITEM_004, ITEM_007, ITEM_005, ITEM_083"
ORD_0974,"ITEM_020, ITEM_003, ITEM_011, ITEM_002, ITEM_018, ITEM_001, ITEM_037"
ORD_0975,"ITEM_009, ITEM_010, ITEM_075, ITEM_012, ITEM_005, ITEM_001, ITEM_015"
ORD_0976,ITEM_008
ORD_0977,ITEM_008
ORD_0978,"ITEM_019, ITEM_051, ITEM_004, ITEM_011"
ORD_0979,"ITEM_040, ITEM_062, ITEM_015, ITEM_011"
ORD_0980,"ITEM_030, ITEM_014, ITEM_007, ITEM_019, ITEM_001, ITEM_017"
ORD_0981,ITEM_019
ORD_0982,"ITEM_009, ITEM_008, ITEM_002"
ORD_0983,"ITEM_020, ITEM_048, ITEM_002, ITEM_018, ITEM_017"
ORD_0984,"ITEM_008, ITEM_004, ITEM_012, ITEM_007, ITEM_002, ITEM_001, ITEM_017"
ORD_0985,"ITEM_009, ITEM_076, ITEM_011"
ORD_0986,"ITEM_020, ITEM_009, ITEM_056, ITEM_018, ITEM_027, ITEM_093, ITEM_040"
ORD_0987,"ITEM_079, ITEM_002"
ORD_0988,"ITEM_060, ITEM_010, ITEM_011, ITEM_006, ITEM_007, ITEM_002, ITEM_027, ITEM_017"
ORD_0989,"ITEM_006, ITEM_088, ITEM_038"
ORD_0990,"ITEM_020, ITEM_009, ITEM_018, ITEM_007, ITEM_002, ITEM_063, ITEM_019, ITEM_004"
ORD_0991,"ITEM_075, ITEM_012"
ORD_0992,"ITEM_010, ITEM_009, ITEM_018, ITEM_019, ITEM_001, ITEM_015"
ORD_0993,"ITEM_025, ITEM_013, ITEM_010, ITEM_003, ITEM_065, ITEM_079, ITEM_018, ITEM_004"
ORD_0994,"ITEM_008, ITEM_011, ITEM_014, ITEM_002, ITEM_034, ITEM_017"
ORD_0995,"ITEM_013, ITEM_010, ITEM_011, ITEM_006, ITEM_012, ITEM_007, ITEM_002, ITEM_001"
ORD_0996,"ITEM_020, ITEM_013"
ORD_0997,ITEM_029
ORD_0998,"ITEM_020, ITEM_004"
ORD_0999,"ITEM_027, ITEM_012, ITEM_003"
ORD_1000,"ITEM_030, ITEM_008, ITEM_007, ITEM_020"
